file,best_clusters,max_score,scores,all_clusters
2,[11  6  4 12  0  1  2  5  3  9 10  7  8  0],-0.10134958453528342,"[-0.38754920344456745, -0.45983560351297453, -0.5744932730607504, -0.5958605007443192, -0.6049288480869602, -0.5880366683353418, -0.5097305213943523, -0.4607050475065774, -0.40079929888180965, -0.3516986990546801, -0.22921022947266786, -0.10134958453528342]","[array([0, 1, 0, 0, 0, 1, 0, 0, 1, 0, 0, 1, 0, 0], dtype=int32), array([0, 0, 1, 1, 0, 2, 1, 1, 2, 1, 1, 2, 1, 1], dtype=int32), array([1, 1, 2, 1, 1, 3, 2, 2, 0, 2, 2, 0, 1, 1], dtype=int32), array([4, 4, 0, 4, 4, 2, 0, 0, 1, 2, 0, 3, 0, 0], dtype=int32), array([2, 2, 3, 3, 3, 5, 1, 4, 0, 1, 1, 0, 3, 3], dtype=int32), array([3, 3, 5, 2, 2, 4, 1, 5, 6, 1, 1, 0, 2, 2], dtype=int32), array([3, 3, 0, 4, 4, 1, 2, 7, 5, 2, 2, 6, 4, 4], dtype=int32), array([5, 5, 0, 1, 3, 7, 2, 8, 4, 2, 2, 6, 3, 3], dtype=int32), array([1, 9, 4, 1, 1, 5, 3, 7, 2, 0, 3, 6, 8, 8], dtype=int32), array([ 0,  9,  2,  6,  6,  7,  4,  8,  5,  1,  4,  3, 10, 10],
      dtype=int32), array([ 1,  9,  0,  8, 11,  6,  3, 10,  4,  2,  3,  7,  5, 11],
      dtype=int32), array([11,  6,  4, 12,  0,  1,  2,  5,  3,  9, 10,  7,  8,  0],
      dtype=int32)]"
